[{
	"name": "Lễ hội Đống Đa",
	"href": "https://vi.wikipedia.org/wiki/L%E1%BB%85_h%E1%BB%99i_Vi%E1%BB%87t_Nam#Danh_s%C3%A1ch_m%E1%BB%99t_s%E1%BB%91_l%E1%BB%85_h%E1%BB%99i",
	"description": null,
	"ngayBatDau": "5/1",
	"viTri": "Hà Nội, quận Đống Đa",
	"lanDauToChuc": null,
	"nhanVatLienQuan": "Nguyễn Huệ",
	"ghiChu": null,
	"eventRelated": "",
	"festivalRelated": "",
	"periodRelated": "",
	"personRelated": "",
	"placeRelated": ""
},
{
	"name": "Hội vật Liễu Đôi",
	"href": "https://vi.wikipedia.org/wiki/L%E1%BB%85_h%E1%BB%99i_Vi%E1%BB%87t_Nam#Danh_s%C3%A1ch_m%E1%BB%99t_s%E1%BB%91_l%E1%BB%85_h%E1%BB%99i",
	"description": null,
	"ngayBatDau": "5/1",
	"viTri": "Hà Nam, huyện Thanh Liêm",
	"lanDauToChuc": null,
	"nhanVatLienQuan": null,
	"ghiChu": "tại làng Liễu Đôi",
	"eventRelated": "",
	"festivalRelated": "",
	"periodRelated": "",
	"personRelated": "",
	"placeRelated": ""
},
{
	"name": "hội Gióng Sóc Sơn",
	"href": "https://vi.wikipedia.org/wiki/L%E1%BB%85_h%E1%BB%99i_Vi%E1%BB%87t_Nam#Danh_s%C3%A1ch_m%E1%BB%99t_s%E1%BB%91_l%E1%BB%85_h%E1%BB%99i",
	"description": null,
	"ngayBatDau": "6/1",
	"viTri": "Hà Nội, Sóc Sơn",
	"lanDauToChuc": "Nhà Tiền Lê",
	"nhanVatLienQuan": "Thánh Gióng",
	"ghiChu": null,
	"eventRelated": "",
	"festivalRelated": "",
	"periodRelated": "",
	"personRelated": "",
	"placeRelated": ""
},
{
	"name": "Lễ hội Cổ Loa",
	"href": "https://vi.wikipedia.org/wiki/L%E1%BB%85_h%E1%BB%99i_Vi%E1%BB%87t_Nam#Danh_s%C3%A1ch_m%E1%BB%99t_s%E1%BB%91_l%E1%BB%85_h%E1%BB%99i",
	"description": null,
	"ngayBatDau": "6/1",
	"viTri": "Hà Nội, Đông Anh",
	"lanDauToChuc": null,
	"nhanVatLienQuan": "An Dương Vương",
	"ghiChu": null,
	"eventRelated": "",
	"festivalRelated": "",
	"periodRelated": "",
	"personRelated": "",
	"placeRelated": ""
},
{
	"name": "Lễ hội chùa Bái Đính",
	"href": "https://vi.wikipedia.org/wiki/L%E1%BB%85_h%E1%BB%99i_Vi%E1%BB%87t_Nam#Danh_s%C3%A1ch_m%E1%BB%99t_s%E1%BB%91_l%E1%BB%85_h%E1%BB%99i",
	"description": null,
	"ngayBatDau": "6/1",
	"viTri": "Ninh Bình, Gia Viễn",
	"lanDauToChuc": "Nhà Lý",
	"nhanVatLienQuan": null,
	"ghiChu": null,
	"eventRelated": "",
	"festivalRelated": "",
	"periodRelated": "",
	"personRelated": "",
	"placeRelated": ""
},
{
	"name": "Chợ Viềng",
	"href": "https://vi.wikipedia.org/wiki/L%E1%BB%85_h%E1%BB%99i_Vi%E1%BB%87t_Nam#Danh_s%C3%A1ch_m%E1%BB%99t_s%E1%BB%91_l%E1%BB%85_h%E1%BB%99i",
	"description": null,
	"ngayBatDau": "7/1",
	"viTri": "Nam Định, Vụ Bản",
	"lanDauToChuc": "Nhà Trần",
	"nhanVatLienQuan": null,
	"ghiChu": null,
	"eventRelated": "",
	"festivalRelated": "",
	"periodRelated": "",
	"personRelated": "",
	"placeRelated": ""
},
{
	"name": "Lễ hội đầm Ô Loan",
	"href": "https://vi.wikipedia.org/wiki/L%E1%BB%85_h%E1%BB%99i_Vi%E1%BB%87t_Nam#Danh_s%C3%A1ch_m%E1%BB%99t_s%E1%BB%91_l%E1%BB%85_h%E1%BB%99i",
	"description": null,
	"ngayBatDau": "7/1",
	"viTri": "Phú Yên, Ô Loan",
	"lanDauToChuc": null,
	"nhanVatLienQuan": null,
	"ghiChu": null,
	"eventRelated": "",
	"festivalRelated": "",
	"periodRelated": "",
	"personRelated": "",
	"placeRelated": ""
},
{
	"name": "Đại lễ Đức Chí Tôn",
	"href": "https://vi.wikipedia.org/wiki/L%E1%BB%85_h%E1%BB%99i_Vi%E1%BB%87t_Nam#Danh_s%C3%A1ch_m%E1%BB%99t_s%E1%BB%91_l%E1%BB%85_h%E1%BB%99i",
	"description": null,
	"ngayBatDau": "9/1",
	"viTri": "Tây Ninh, Đạo Cao Đài",
	"lanDauToChuc": null,
	"nhanVatLienQuan": "Đức Chí Tôn",
	"ghiChu": null,
	"eventRelated": "",
	"festivalRelated": "",
	"periodRelated": "",
	"personRelated": "",
	"placeRelated": ""
},
{
	"name": "Hội xuân Yên Tử",
	"href": "https://vi.wikipedia.org/wiki/L%E1%BB%85_h%E1%BB%99i_Vi%E1%BB%87t_Nam#Danh_s%C3%A1ch_m%E1%BB%99t_s%E1%BB%91_l%E1%BB%85_h%E1%BB%99i",
	"description": null,
	"ngayBatDau": "10/1",
	"viTri": "Quảng Ninh, núi Yên Tử",
	"lanDauToChuc": "thế kỷ 14",
	"nhanVatLienQuan": "Trần Nhân Tông",
	"ghiChu": "Thiền phái Trúc Lâm, đến hết tháng 3",
	"eventRelated": "",
	"festivalRelated": "",
	"periodRelated": "",
	"personRelated": "",
	"placeRelated": ""
},
{
	"name": "Hội phết Hiền Quan",
	"href": "https://vi.wikipedia.org/wiki/L%E1%BB%85_h%E1%BB%99i_Vi%E1%BB%87t_Nam#Danh_s%C3%A1ch_m%E1%BB%99t_s%E1%BB%91_l%E1%BB%85_h%E1%BB%99i",
	"description": null,
	"ngayBatDau": "13/1",
	"viTri": "Phú Thọ, huyện Tam Nông",
	"lanDauToChuc": "gần đây",
	"nhanVatLienQuan": "Thiều Hoa công chúa, Mộc trang đại vương",
	"ghiChu": null,
	"eventRelated": "",
	"festivalRelated": "",
	"periodRelated": "",
	"personRelated": "",
	"placeRelated": ""
},
{
	"name": "Hội Lim",
	"href": "https://vi.wikipedia.org/wiki/L%E1%BB%85_h%E1%BB%99i_Vi%E1%BB%87t_Nam#Danh_s%C3%A1ch_m%E1%BB%99t_s%E1%BB%91_l%E1%BB%85_h%E1%BB%99i",
	"description": null,
	"ngayBatDau": "13/1",
	"viTri": "Bắc Ninh, huyện Tiên Du",
	"lanDauToChuc": "Nhà Lê sơ",
	"nhanVatLienQuan": "Nguyễn Đình Diễn",
	"ghiChu": null,
	"eventRelated": "",
	"festivalRelated": "",
	"periodRelated": "",
	"personRelated": "",
	"placeRelated": ""
},
{
	"name": "Lễ hội chùa Hương",
	"href": "https://vi.wikipedia.org/wiki/L%E1%BB%85_h%E1%BB%99i_Vi%E1%BB%87t_Nam#Danh_s%C3%A1ch_m%E1%BB%99t_s%E1%BB%91_l%E1%BB%85_h%E1%BB%99i",
	"description": null,
	"ngayBatDau": "6/1",
	"viTri": "Hà Nội, huyện Mỹ Đức",
	"lanDauToChuc": null,
	"nhanVatLienQuan": "Quan Thế Âm Bồ Tát",
	"ghiChu": "đến tháng 3 âm lịch",
	"eventRelated": "",
	"festivalRelated": "",
	"periodRelated": "",
	"personRelated": "",
	"placeRelated": ""
},
{
	"name": "Hội chùa Côn Sơn",
	"href": "https://vi.wikipedia.org/wiki/L%E1%BB%85_h%E1%BB%99i_Vi%E1%BB%87t_Nam#Danh_s%C3%A1ch_m%E1%BB%99t_s%E1%BB%91_l%E1%BB%85_h%E1%BB%99i",
	"description": null,
	"ngayBatDau": "15/1",
	"viTri": "Hải Dương, huyện Chí Linh",
	"lanDauToChuc": "từ thế kỷ 14",
	"nhanVatLienQuan": "Huyền Quang, Nguyễn Trãi",
	"ghiChu": null,
	"eventRelated": "",
	"festivalRelated": "",
	"periodRelated": "",
	"personRelated": "",
	"placeRelated": ""
},
{
	"name": "Lễ hội làm chay",
	"href": "https://vi.wikipedia.org/wiki/L%E1%BB%85_h%E1%BB%99i_Vi%E1%BB%87t_Nam#Danh_s%C3%A1ch_m%E1%BB%99t_s%E1%BB%91_l%E1%BB%85_h%E1%BB%99i",
	"description": null,
	"ngayBatDau": "14/1",
	"viTri": "Long An, thị trấn Tầm Vu",
	"lanDauToChuc": "năm 1878",
	"nhanVatLienQuan": "Đỗ Tường Phong, Đỗ Tường Tự",
	"ghiChu": "đến 16/1",
	"eventRelated": "",
	"festivalRelated": "",
	"periodRelated": "",
	"personRelated": "",
	"placeRelated": ""
},
{
	"name": "Tết Nguyên tiêu",
	"href": "https://vi.wikipedia.org/wiki/L%E1%BB%85_h%E1%BB%99i_Vi%E1%BB%87t_Nam#Danh_s%C3%A1ch_m%E1%BB%99t_s%E1%BB%91_l%E1%BB%85_h%E1%BB%99i",
	"description": null,
	"ngayBatDau": "15/1",
	"viTri": "Nhiều quốc gia",
	"lanDauToChuc": null,
	"nhanVatLienQuan": null,
	"ghiChu": "đêm 14 đến nửa đêm 15/1",
	"eventRelated": "",
	"festivalRelated": "",
	"periodRelated": "",
	"personRelated": "",
	"placeRelated": ""
},
{
	"name": "Lễ hội chọi trâu",
	"href": "https://vi.wikipedia.org/wiki/L%E1%BB%85_h%E1%BB%99i_Vi%E1%BB%87t_Nam#Danh_s%C3%A1ch_m%E1%BB%99t_s%E1%BB%91_l%E1%BB%85_h%E1%BB%99i",
	"description": null,
	"ngayBatDau": "16/1",
	"viTri": "Vĩnh Phúc, huyện Lập Thạch",
	"lanDauToChuc": "thế kỷ 2 trước CN",
	"nhanVatLienQuan": null,
	"ghiChu": "không tổ chức từ 1947-2002",
	"eventRelated": "",
	"festivalRelated": "",
	"periodRelated": "",
	"personRelated": "",
	"placeRelated": ""
},
{
	"name": "Hội Xuân núi Bà",
	"href": "https://vi.wikipedia.org/wiki/L%E1%BB%85_h%E1%BB%99i_Vi%E1%BB%87t_Nam#Danh_s%C3%A1ch_m%E1%BB%99t_s%E1%BB%91_l%E1%BB%85_h%E1%BB%99i",
	"description": null,
	"ngayBatDau": "4/1",
	"viTri": "Tây Ninh, Núi Bà Đen",
	"lanDauToChuc": null,
	"nhanVatLienQuan": "Linh Sơn Thánh Mẫu",
	"ghiChu": "đến 16/1",
	"eventRelated": "",
	"festivalRelated": "",
	"periodRelated": "",
	"personRelated": "",
	"placeRelated": ""
},
{
	"name": "Lễ hội đình Yên Phụ",
	"href": "https://vi.wikipedia.org/wiki/L%E1%BB%85_h%E1%BB%99i_Vi%E1%BB%87t_Nam#Danh_s%C3%A1ch_m%E1%BB%99t_s%E1%BB%91_l%E1%BB%85_h%E1%BB%99i",
	"description": null,
	"ngayBatDau": "10/2",
	"viTri": "Hà Nội, Hồ Tây",
	"lanDauToChuc": "thế kỷ 17",
	"nhanVatLienQuan": "Uy Linh Lang, Vương Duy, Vương Ba",
	"ghiChu": "khôi phục từ 2003",
	"eventRelated": "",
	"festivalRelated": "",
	"periodRelated": "",
	"personRelated": "",
	"placeRelated": ""
},
{
	"name": "Lễ hội Miếu Mạch Lũng",
	"href": "https://vi.wikipedia.org/wiki/L%E1%BB%85_h%E1%BB%99i_Vi%E1%BB%87t_Nam#Danh_s%C3%A1ch_m%E1%BB%99t_s%E1%BB%91_l%E1%BB%85_h%E1%BB%99i",
	"description": null,
	"ngayBatDau": "10/2",
	"viTri": "Hà Nội, Đông Anh",
	"lanDauToChuc": null,
	"nhanVatLienQuan": "Minh Mỗ Đại vương Thượng đẳng thần",
	"ghiChu": null,
	"eventRelated": "",
	"festivalRelated": "",
	"periodRelated": "",
	"personRelated": "",
	"placeRelated": ""
},
{
	"name": "Lễ hội Quán Thế Âm",
	"href": "https://vi.wikipedia.org/wiki/L%E1%BB%85_h%E1%BB%99i_Vi%E1%BB%87t_Nam#Danh_s%C3%A1ch_m%E1%BB%99t_s%E1%BB%91_l%E1%BB%85_h%E1%BB%99i",
	"description": null,
	"ngayBatDau": "19/2",
	"viTri": "Đà Nẵng, Ngũ Hành Sơn",
	"lanDauToChuc": "năm 1960",
	"nhanVatLienQuan": "Quán Thế Âm Bồ Tát",
	"ghiChu": "diễn ra trong 3 ngày",
	"eventRelated": "",
	"festivalRelated": "",
	"periodRelated": "",
	"personRelated": "",
	"placeRelated": ""
},
{
	"name": "Tiết Thanh minh",
	"href": "https://vi.wikipedia.org/wiki/L%E1%BB%85_h%E1%BB%99i_Vi%E1%BB%87t_Nam#Danh_s%C3%A1ch_m%E1%BB%99t_s%E1%BB%91_l%E1%BB%85_h%E1%BB%99i",
	"description": null,
	"ngayBatDau": null,
	"viTri": null,
	"lanDauToChuc": "Nhà Thanh",
	"nhanVatLienQuan": null,
	"ghiChu": "diễn ra sau tiết xuân phân trước tiết cốc vũ",
	"eventRelated": "",
	"festivalRelated": "",
	"periodRelated": "",
	"personRelated": "",
	"placeRelated": ""
},
{
	"name": "Hội đua voi",
	"href": "https://vi.wikipedia.org/wiki/L%E1%BB%85_h%E1%BB%99i_Vi%E1%BB%87t_Nam#Danh_s%C3%A1ch_m%E1%BB%99t_s%E1%BB%91_l%E1%BB%85_h%E1%BB%99i",
	"description": null,
	"ngayBatDau": null,
	"viTri": "Tây Nguyên",
	"lanDauToChuc": null,
	"nhanVatLienQuan": null,
	"ghiChu": "lớn nhất ở Đắc Lắc, bản Đôn, tổ chức 2 năm 1 lần vào tháng 3 âm lịch",
	"eventRelated": "",
	"festivalRelated": "",
	"periodRelated": "",
	"personRelated": "",
	"placeRelated": ""
},
{
	"name": "Tết Hàn thực",
	"href": "https://vi.wikipedia.org/wiki/L%E1%BB%85_h%E1%BB%99i_Vi%E1%BB%87t_Nam#Danh_s%C3%A1ch_m%E1%BB%99t_s%E1%BB%91_l%E1%BB%85_h%E1%BB%99i",
	"description": null,
	"ngayBatDau": "3/3",
	"viTri": null,
	"lanDauToChuc": "Nhà Lê",
	"nhanVatLienQuan": "Giới Tử Thôi, Tấn Văn Công",
	"ghiChu": null,
	"eventRelated": "",
	"festivalRelated": "",
	"periodRelated": "",
	"personRelated": "",
	"placeRelated": ""
},
{
	"name": "Hội Phủ Giầy",
	"href": "https://vi.wikipedia.org/wiki/L%E1%BB%85_h%E1%BB%99i_Vi%E1%BB%87t_Nam#Danh_s%C3%A1ch_m%E1%BB%99t_s%E1%BB%91_l%E1%BB%85_h%E1%BB%99i",
	"description": null,
	"ngayBatDau": "3/3",
	"viTri": "Nam Định, Vụ Bản",
	"lanDauToChuc": null,
	"nhanVatLienQuan": "Mẫu Liễu Hạnh",
	"ghiChu": null,
	"eventRelated": "",
	"festivalRelated": "",
	"periodRelated": "",
	"personRelated": "",
	"placeRelated": ""
},
{
	"name": "Lễ hội Điện Hòn Chén",
	"href": "https://vi.wikipedia.org/wiki/L%E1%BB%85_h%E1%BB%99i_Vi%E1%BB%87t_Nam#Danh_s%C3%A1ch_m%E1%BB%99t_s%E1%BB%91_l%E1%BB%85_h%E1%BB%99i",
	"description": null,
	"ngayBatDau": "2/3",
	"viTri": "Thừa Thiên Huế, huyện Hương Trà",
	"lanDauToChuc": "thế kỷ 16",
	"nhanVatLienQuan": "Thiên Y A Na",
	"ghiChu": null,
	"eventRelated": "",
	"festivalRelated": "",
	"periodRelated": "",
	"personRelated": "",
	"placeRelated": ""
},
{
	"name": "Lễ hội Chùa Thầy",
	"href": "https://vi.wikipedia.org/wiki/L%E1%BB%85_h%E1%BB%99i_Vi%E1%BB%87t_Nam#Danh_s%C3%A1ch_m%E1%BB%99t_s%E1%BB%91_l%E1%BB%85_h%E1%BB%99i",
	"description": null,
	"ngayBatDau": "3/3",
	"viTri": "Hà Tây, Quốc Oai",
	"lanDauToChuc": null,
	"nhanVatLienQuan": "Từ Đạo Hạnh",
	"ghiChu": "đến 7/3",
	"eventRelated": "",
	"festivalRelated": "",
	"periodRelated": "",
	"personRelated": "",
	"placeRelated": ""
},
{
	"name": "Lễ hội Hoa Lư",
	"href": "https://vi.wikipedia.org/wiki/L%E1%BB%85_h%E1%BB%99i_Vi%E1%BB%87t_Nam#Danh_s%C3%A1ch_m%E1%BB%99t_s%E1%BB%91_l%E1%BB%85_h%E1%BB%99i",
	"description": null,
	"ngayBatDau": "6/3",
	"viTri": "Ninh Bình, huyện Hoa Lư",
	"lanDauToChuc": "Nhà Lý",
	"nhanVatLienQuan": "Đinh Bộ Lĩnh",
	"ghiChu": "tên khác: Lễ hội cố đô Hoa Lư, đến 10/3",
	"eventRelated": "",
	"festivalRelated": "",
	"periodRelated": "",
	"personRelated": "",
	"placeRelated": ""
},
{
	"name": "Lễ hội đền Thái Vi",
	"href": "https://vi.wikipedia.org/wiki/L%E1%BB%85_h%E1%BB%99i_Vi%E1%BB%87t_Nam#Danh_s%C3%A1ch_m%E1%BB%99t_s%E1%BB%91_l%E1%BB%85_h%E1%BB%99i",
	"description": null,
	"ngayBatDau": "14/3",
	"viTri": "Ninh Bình, huyện Hoa Lư",
	"lanDauToChuc": "Nhà Trần",
	"nhanVatLienQuan": "Trần Thái Tông, Trần Thánh Tông, Trần Nhân Tông, Trần Anh Tông, Hiển Từ Hoàng Thái Hậu",
	"ghiChu": "đến 16/3",
	"eventRelated": "",
	"festivalRelated": "",
	"periodRelated": "",
	"personRelated": "",
	"placeRelated": ""
},
{
	"name": "Lễ hội Nam Trì",
	"href": "https://vi.wikipedia.org/wiki/L%E1%BB%85_h%E1%BB%99i_Vi%E1%BB%87t_Nam#Danh_s%C3%A1ch_m%E1%BB%99t_s%E1%BB%91_l%E1%BB%85_h%E1%BB%99i",
	"description": null,
	"ngayBatDau": "8/3",
	"viTri": "Hưng Yên, huyện Ân Thi",
	"lanDauToChuc": "Thế kỉ 2 trước CN",
	"nhanVatLienQuan": "Lang Công, Bảo Công, Công chúa Hùng vương Lâu nương",
	"ghiChu": "kéo dài 5 ngày",
	"eventRelated": "",
	"festivalRelated": "",
	"periodRelated": "",
	"personRelated": "",
	"placeRelated": ""
},
{
	"name": "Giỗ tổ Hùng Vương",
	"href": "https://vi.wikipedia.org/wiki/L%E1%BB%85_h%E1%BB%99i_Vi%E1%BB%87t_Nam#Danh_s%C3%A1ch_m%E1%BB%99t_s%E1%BB%91_l%E1%BB%85_h%E1%BB%99i",
	"description": null,
	"ngayBatDau": "10/3",
	"viTri": "Nhiều nơi ở Việt Nam",
	"lanDauToChuc": "Nhà Đinh",
	"nhanVatLienQuan": "Vua Hùng",
	"ghiChu": "lớn nhất tại Đền Hùng, Phú Thọ",
	"eventRelated": "",
	"festivalRelated": "",
	"periodRelated": "",
	"personRelated": "",
	"placeRelated": ""
},
{
	"name": "Lễ hội đền Mẫu",
	"href": "https://vi.wikipedia.org/wiki/L%E1%BB%85_h%E1%BB%99i_Vi%E1%BB%87t_Nam#Danh_s%C3%A1ch_m%E1%BB%99t_s%E1%BB%91_l%E1%BB%85_h%E1%BB%99i",
	"description": null,
	"ngayBatDau": "10/3",
	"viTri": "Hưng Yên, Phố Hiến",
	"lanDauToChuc": null,
	"nhanVatLienQuan": "Dương Quý Phi",
	"ghiChu": "đến 15/3",
	"eventRelated": "",
	"festivalRelated": "",
	"periodRelated": "",
	"personRelated": "",
	"placeRelated": ""
},
{
	"name": "Lễ hội Làng cá Cát Bà",
	"href": "https://vi.wikipedia.org/wiki/L%E1%BB%85_h%E1%BB%99i_Vi%E1%BB%87t_Nam#Danh_s%C3%A1ch_m%E1%BB%99t_s%E1%BB%91_l%E1%BB%85_h%E1%BB%99i",
	"description": null,
	"ngayBatDau": null,
	"viTri": "Hải Phòng, huyện Cát Hải, Thị trấn Cát Bà",
	"lanDauToChuc": "1/4/1958",
	"nhanVatLienQuan": "Hồ Chí Minh",
	"ghiChu": "1/4 dương lịch",
	"eventRelated": "",
	"festivalRelated": "",
	"periodRelated": "",
	"personRelated": "",
	"placeRelated": ""
},
{
	"name": "Hội Gióng Phù Đổng",
	"href": "https://vi.wikipedia.org/wiki/L%E1%BB%85_h%E1%BB%99i_Vi%E1%BB%87t_Nam#Danh_s%C3%A1ch_m%E1%BB%99t_s%E1%BB%91_l%E1%BB%85_h%E1%BB%99i",
	"description": null,
	"ngayBatDau": "7/4",
	"viTri": "Hà Nội, huyện Gia Lâm",
	"lanDauToChuc": "Thế kỉ 11 đời Lý Thái Tổ",
	"nhanVatLienQuan": "Thánh Gióng",
	"ghiChu": null,
	"eventRelated": "",
	"festivalRelated": "",
	"periodRelated": "",
	"personRelated": "",
	"placeRelated": ""
},
{
	"name": "Lễ Phật Đản",
	"href": "https://vi.wikipedia.org/wiki/L%E1%BB%85_h%E1%BB%99i_Vi%E1%BB%87t_Nam#Danh_s%C3%A1ch_m%E1%BB%99t_s%E1%BB%91_l%E1%BB%85_h%E1%BB%99i",
	"description": null,
	"ngayBatDau": "8/4",
	"viTri": "Nhiều quốc gia",
	"lanDauToChuc": "624 trước CN",
	"nhanVatLienQuan": "Phật Tất Đạt Đa",
	"ghiChu": "Phật giáo",
	"eventRelated": "",
	"festivalRelated": "",
	"periodRelated": "",
	"personRelated": "",
	"placeRelated": ""
},
{
	"name": "Lễ hội Chol Chnam Thmay",
	"href": "https://vi.wikipedia.org/wiki/L%E1%BB%85_h%E1%BB%99i_Vi%E1%BB%87t_Nam#Danh_s%C3%A1ch_m%E1%BB%99t_s%E1%BB%91_l%E1%BB%85_h%E1%BB%99i",
	"description": null,
	"ngayBatDau": "14/4",
	"viTri": "Nam Bộ",
	"lanDauToChuc": null,
	"nhanVatLienQuan": null,
	"ghiChu": "Tết người Khmer",
	"eventRelated": "",
	"festivalRelated": "",
	"periodRelated": "",
	"personRelated": "",
	"placeRelated": ""
},
{
	"name": "Lễ khao lề thế lính",
	"href": "https://vi.wikipedia.org/wiki/L%E1%BB%85_h%E1%BB%99i_Vi%E1%BB%87t_Nam#Danh_s%C3%A1ch_m%E1%BB%99t_s%E1%BB%91_l%E1%BB%85_h%E1%BB%99i",
	"description": null,
	"ngayBatDau": "18/3",
	"viTri": "Quảng Ngãi, huyện Lý Sơn",
	"lanDauToChuc": null,
	"nhanVatLienQuan": null,
	"ghiChu": "đến 20/3",
	"eventRelated": "",
	"festivalRelated": "",
	"periodRelated": "",
	"personRelated": "",
	"placeRelated": ""
},
{
	"name": "Lễ hội miếu Bà Chúa Xứ",
	"href": "https://vi.wikipedia.org/wiki/L%E1%BB%85_h%E1%BB%99i_Vi%E1%BB%87t_Nam#Danh_s%C3%A1ch_m%E1%BB%99t_s%E1%BB%91_l%E1%BB%85_h%E1%BB%99i",
	"description": null,
	"ngayBatDau": "23/4",
	"viTri": "Miếu Bà Chúa Xứ, Núi Sam, An Giang, Châu Đốc",
	"lanDauToChuc": null,
	"nhanVatLienQuan": "Bà Chúa Xứ",
	"ghiChu": "đến 27/4",
	"eventRelated": "",
	"festivalRelated": "",
	"periodRelated": "",
	"personRelated": "",
	"placeRelated": ""
},
{
	"name": "Tết Đoan ngọ",
	"href": "https://vi.wikipedia.org/wiki/L%E1%BB%85_h%E1%BB%99i_Vi%E1%BB%87t_Nam#Danh_s%C3%A1ch_m%E1%BB%99t_s%E1%BB%91_l%E1%BB%85_h%E1%BB%99i",
	"description": null,
	"ngayBatDau": "5/5",
	"viTri": "Nhiều quốc gia",
	"lanDauToChuc": null,
	"nhanVatLienQuan": null,
	"ghiChu": "Tết giết sâu bọ",
	"eventRelated": "",
	"festivalRelated": "",
	"periodRelated": "",
	"personRelated": "",
	"placeRelated": ""
},
{
	"name": "Thất Tịch",
	"href": "https://vi.wikipedia.org/wiki/L%E1%BB%85_h%E1%BB%99i_Vi%E1%BB%87t_Nam#Danh_s%C3%A1ch_m%E1%BB%99t_s%E1%BB%91_l%E1%BB%85_h%E1%BB%99i",
	"description": null,
	"ngayBatDau": "7/7",
	"viTri": "Nhiều quốc gia",
	"lanDauToChuc": null,
	"nhanVatLienQuan": "Ngưu Lang, Chức Nữ",
	"ghiChu": "Ngày lễ tình nhân Đông phương",
	"eventRelated": "",
	"festivalRelated": "",
	"periodRelated": "",
	"personRelated": "",
	"placeRelated": ""
},
{
	"name": "Lễ Vu Lan, Tết Trung Nguyên",
	"href": "https://vi.wikipedia.org/wiki/L%E1%BB%85_h%E1%BB%99i_Vi%E1%BB%87t_Nam#Danh_s%C3%A1ch_m%E1%BB%99t_s%E1%BB%91_l%E1%BB%85_h%E1%BB%99i",
	"description": null,
	"ngayBatDau": "15/7",
	"viTri": "Nhiều quốc gia",
	"lanDauToChuc": null,
	"nhanVatLienQuan": "Bồ tát Mục Liên",
	"ghiChu": "báo hiếu cha mẹ",
	"eventRelated": "",
	"festivalRelated": "",
	"periodRelated": "",
	"personRelated": "",
	"placeRelated": ""
},
{
	"name": "Lễ hội Nghinh Ông (Quan Thánh Đế Quân)",
	"href": "https://vi.wikipedia.org/wiki/L%E1%BB%85_h%E1%BB%99i_Vi%E1%BB%87t_Nam#Danh_s%C3%A1ch_m%E1%BB%99t_s%E1%BB%91_l%E1%BB%85_h%E1%BB%99i",
	"description": null,
	"ngayBatDau": null,
	"viTri": "Phan Thiết (Bình Thuận)",
	"lanDauToChuc": null,
	"nhanVatLienQuan": null,
	"ghiChu": "của Người Hoa, tổ chức vào năm chẵn Tây Lịch",
	"eventRelated": "",
	"festivalRelated": "",
	"periodRelated": "",
	"personRelated": "",
	"placeRelated": ""
},
{
	"name": "Lễ hội Katê",
	"href": "https://vi.wikipedia.org/wiki/L%E1%BB%85_h%E1%BB%99i_Vi%E1%BB%87t_Nam#Danh_s%C3%A1ch_m%E1%BB%99t_s%E1%BB%91_l%E1%BB%85_h%E1%BB%99i",
	"description": null,
	"ngayBatDau": null,
	"viTri": "Bình Thuận",
	"lanDauToChuc": null,
	"nhanVatLienQuan": null,
	"ghiChu": "Lễ hội người Chăm, 1 tháng 7 theo lịch Chăm",
	"eventRelated": "",
	"festivalRelated": "",
	"periodRelated": "",
	"personRelated": "",
	"placeRelated": ""
},
{
	"name": "Lễ hội chọi trâu",
	"href": "https://vi.wikipedia.org/wiki/L%E1%BB%85_h%E1%BB%99i_Vi%E1%BB%87t_Nam#Danh_s%C3%A1ch_m%E1%BB%99t_s%E1%BB%91_l%E1%BB%85_h%E1%BB%99i",
	"description": null,
	"ngayBatDau": "9/8",
	"viTri": "Hải Phòng, Đồ Sơn",
	"lanDauToChuc": null,
	"nhanVatLienQuan": null,
	"ghiChu": null,
	"eventRelated": "",
	"festivalRelated": "",
	"periodRelated": "",
	"personRelated": "",
	"placeRelated": ""
},
{
	"name": "Tết Trung Thu",
	"href": "https://vi.wikipedia.org/wiki/L%E1%BB%85_h%E1%BB%99i_Vi%E1%BB%87t_Nam#Danh_s%C3%A1ch_m%E1%BB%99t_s%E1%BB%91_l%E1%BB%85_h%E1%BB%99i",
	"description": null,
	"ngayBatDau": "15/8",
	"viTri": "Nhiều quốc gia",
	"lanDauToChuc": "Nhà Đường",
	"nhanVatLienQuan": "Hằng Nga, Hậu Nghệ, Đường Minh Hoàng, Chú Cuội",
	"ghiChu": "Tết thiếu nhi",
	"eventRelated": "",
	"festivalRelated": "",
	"periodRelated": "",
	"personRelated": "",
	"placeRelated": ""
},
{
	"name": "Hội Đền Kiếp Bạc",
	"href": "https://vi.wikipedia.org/wiki/L%E1%BB%85_h%E1%BB%99i_Vi%E1%BB%87t_Nam#Danh_s%C3%A1ch_m%E1%BB%99t_s%E1%BB%91_l%E1%BB%85_h%E1%BB%99i",
	"description": null,
	"ngayBatDau": "15/8",
	"viTri": "Hải Dương, huyện Chí Linh",
	"lanDauToChuc": null,
	"nhanVatLienQuan": "Trần Hưng Đạo",
	"ghiChu": "đến 20/8",
	"eventRelated": "",
	"festivalRelated": "",
	"periodRelated": "",
	"personRelated": "",
	"placeRelated": ""
},
{
	"name": "Hội Yến Diêu Trì",
	"href": "https://vi.wikipedia.org/wiki/L%E1%BB%85_h%E1%BB%99i_Vi%E1%BB%87t_Nam#Danh_s%C3%A1ch_m%E1%BB%99t_s%E1%BB%91_l%E1%BB%85_h%E1%BB%99i",
	"description": null,
	"ngayBatDau": "15/8",
	"viTri": "Tây Ninh, Tòa Thánh Tây Ninh",
	"lanDauToChuc": "năm 1925",
	"nhanVatLienQuan": "Cao Quỳnh Cư, Phạm Công Tắc, Cao Hoài Sang, Nguyễn Thị Hiếu",
	"ghiChu": "Đạo Cao Đài",
	"eventRelated": "",
	"festivalRelated": "",
	"periodRelated": "",
	"personRelated": "",
	"placeRelated": ""
},
{
	"name": "Lễ hội Nghinh Ông (Cá Voi)",
	"href": "https://vi.wikipedia.org/wiki/L%E1%BB%85_h%E1%BB%99i_Vi%E1%BB%87t_Nam#Danh_s%C3%A1ch_m%E1%BB%99t_s%E1%BB%91_l%E1%BB%85_h%E1%BB%99i",
	"description": null,
	"ngayBatDau": null,
	"viTri": "Bình Thuận, Tiền Giang",
	"lanDauToChuc": null,
	"nhanVatLienQuan": null,
	"ghiChu": null,
	"eventRelated": "",
	"festivalRelated": "",
	"periodRelated": "",
	"personRelated": "",
	"placeRelated": ""
},
{
	"name": "Lễ hội AHDT Nguyễn Trung Trực",
	"href": "https://vi.wikipedia.org/wiki/L%E1%BB%85_h%E1%BB%99i_Vi%E1%BB%87t_Nam#Danh_s%C3%A1ch_m%E1%BB%99t_s%E1%BB%91_l%E1%BB%85_h%E1%BB%99i",
	"description": null,
	"ngayBatDau": null,
	"viTri": "Rạch Giá, Kiên Giang",
	"lanDauToChuc": null,
	"nhanVatLienQuan": "Nguyễn Trung Trực",
	"ghiChu": null,
	"eventRelated": "",
	"festivalRelated": "",
	"periodRelated": "",
	"personRelated": "",
	"placeRelated": ""
},
{
	"name": "Lễ hội Chùa Keo",
	"href": "https://vi.wikipedia.org/wiki/L%E1%BB%85_h%E1%BB%99i_Vi%E1%BB%87t_Nam#Danh_s%C3%A1ch_m%E1%BB%99t_s%E1%BB%91_l%E1%BB%85_h%E1%BB%99i",
	"description": null,
	"ngayBatDau": "13/9",
	"viTri": "Thái Bình, Vũ Thư",
	"lanDauToChuc": "Nhà Lý",
	"nhanVatLienQuan": "Thiền sư Không Lộ",
	"ghiChu": "đến 15/9",
	"eventRelated": "",
	"festivalRelated": "",
	"periodRelated": "",
	"personRelated": "",
	"placeRelated": ""
},
{
	"name": "Tết cơm mới",
	"href": "https://vi.wikipedia.org/wiki/L%E1%BB%85_h%E1%BB%99i_Vi%E1%BB%87t_Nam#Danh_s%C3%A1ch_m%E1%BB%99t_s%E1%BB%91_l%E1%BB%85_h%E1%BB%99i",
	"description": null,
	"ngayBatDau": "15/10",
	"viTri": "Nhiều quốc gia",
	"lanDauToChuc": null,
	"nhanVatLienQuan": null,
	"ghiChu": "Tết song thập",
	"eventRelated": "",
	"festivalRelated": "",
	"periodRelated": "",
	"personRelated": "",
	"placeRelated": ""
},
{
	"name": "Lễ hội đền Nguyễn Công Trứ",
	"href": "https://vi.wikipedia.org/wiki/L%E1%BB%85_h%E1%BB%99i_Vi%E1%BB%87t_Nam#Danh_s%C3%A1ch_m%E1%BB%99t_s%E1%BB%91_l%E1%BB%85_h%E1%BB%99i",
	"description": null,
	"ngayBatDau": "13/11",
	"viTri": "Ninh Bình, huyện Kim Sơn",
	"lanDauToChuc": "Nhà Nguyễn",
	"nhanVatLienQuan": "Nguyễn Công Trứ",
	"ghiChu": null,
	"eventRelated": "",
	"festivalRelated": "",
	"periodRelated": "",
	"personRelated": "",
	"placeRelated": ""
},
{
	"name": "Tiễn Ông Táo về trời",
	"href": "https://vi.wikipedia.org/wiki/L%E1%BB%85_h%E1%BB%99i_Vi%E1%BB%87t_Nam#Danh_s%C3%A1ch_m%E1%BB%99t_s%E1%BB%91_l%E1%BB%85_h%E1%BB%99i",
	"description": null,
	"ngayBatDau": "23/12",
	"viTri": "Nhiều quốc gia",
	"lanDauToChuc": null,
	"nhanVatLienQuan": "Thổ Công, Thổ địa, Thổ kỳ",
	"ghiChu": null,
	"eventRelated": "",
	"festivalRelated": "",
	"periodRelated": "",
	"personRelated": "",
	"placeRelated": ""
}
]